<Entity Name="16447e31-523f-4cc7-a9ef-982c485e8733">
    <TransformComponent>
        <Position>
            <x>1419.1663</x>
            <y>435.24771</y>
            <z>0</z>
        </Position>
        <Rotation>0</Rotation>
        <Scale>
            <x>1</x>
            <y>1</y>
            <z>1</z>
        </Scale>
    </TransformComponent>
    <LinePointComponent>
        <Position>
            <x>1419.1663</x>
            <y>435.24771</y>
        </Position>
        <Id>255</Id>
        <SiblingId>691150955</SiblingId>
    </LinePointComponent>
    <BoxColliderComponent2D>
        <Offset>
            <x>-20</x>
            <y>-20</y>
        </Offset>
        <Size>
            <x>40</x>
            <y>40</y>
        </Size>
        <Flags>63</Flags>
        <IsStatic>true</IsStatic>
        <IsTrigger>false</IsTrigger>
    </BoxColliderComponent2D>
</Entity>
