<Entity Name="0d3f6aad-1355-4f30-95df-9b8a82f2ca33">
    <TransformComponent>
        <Position>
            <x>1235.9576</x>
            <y>372.67404</y>
            <z>0</z>
        </Position>
        <Rotation>0</Rotation>
        <Scale>
            <x>1</x>
            <y>1</y>
            <z>1</z>
        </Scale>
    </TransformComponent>
    <LinePointComponent>
        <Position>
            <x>1235.9576</x>
            <y>372.67404</y>
        </Position>
        <Id>252</Id>
        <SiblingId>691019883</SiblingId>
    </LinePointComponent>
    <BoxColliderComponent2D>
        <Offset>
            <x>-20</x>
            <y>-20</y>
        </Offset>
        <Size>
            <x>40</x>
            <y>40</y>
        </Size>
        <Flags>63</Flags>
        <IsStatic>true</IsStatic>
        <IsTrigger>false</IsTrigger>
    </BoxColliderComponent2D>
</Entity>
