<Entity Name="18cdc20e-e89b-4dc1-819d-28fb1f5f07f0">
    <TransformComponent>
        <Position>
            <x>723.37067</x>
            <y>452.58109</y>
            <z>0</z>
        </Position>
        <Rotation>0</Rotation>
        <Scale>
            <x>1</x>
            <y>1</y>
            <z>1</z>
        </Scale>
    </TransformComponent>
    <LinePointComponent>
        <Position>
            <x>723.37067</x>
            <y>452.58109</y>
        </Position>
        <Id>364</Id>
        <SiblingId>1</SiblingId>
    </LinePointComponent>
    <BoxColliderComponent2D>
        <Offset>
            <x>-20</x>
            <y>-20</y>
        </Offset>
        <Size>
            <x>40</x>
            <y>40</y>
        </Size>
        <Flags>63</Flags>
        <IsStatic>true</IsStatic>
        <IsTrigger>false</IsTrigger>
    </BoxColliderComponent2D>
</Entity>
