<Entity Name="1be5c8f2-b44b-4c2c-b8e2-e8bb6bf2c146">
    <TransformComponent>
        <Position>
            <x>1237.6799</x>
            <y>771.06555</y>
            <z>0</z>
        </Position>
        <Rotation>0</Rotation>
        <Scale>
            <x>1</x>
            <y>1</y>
            <z>1</z>
        </Scale>
    </TransformComponent>
    <LinePointComponent>
        <Position>
            <x>1237.6799</x>
            <y>771.06555</y>
        </Position>
        <Id>276</Id>
        <SiblingId>691019883</SiblingId>
    </LinePointComponent>
    <BoxColliderComponent2D>
        <Offset>
            <x>-20</x>
            <y>-20</y>
        </Offset>
        <Size>
            <x>40</x>
            <y>40</y>
        </Size>
        <Flags>63</Flags>
        <IsStatic>true</IsStatic>
        <IsTrigger>false</IsTrigger>
    </BoxColliderComponent2D>
</Entity>
