<Entity Name="1ccff234-b487-416e-98c7-464a04e6da5d">
    <TransformComponent>
        <Position>
            <x>1540.3929</x>
            <y>511.9996</y>
            <z>0</z>
        </Position>
        <Rotation>0</Rotation>
        <Scale>
            <x>1</x>
            <y>1</y>
            <z>1</z>
        </Scale>
    </TransformComponent>
    <LinePointComponent>
        <Position>
            <x>1540.3929</x>
            <y>511.9996</y>
        </Position>
        <Id>260</Id>
        <SiblingId>691150955</SiblingId>
    </LinePointComponent>
    <BoxColliderComponent2D>
        <Offset>
            <x>-20</x>
            <y>-20</y>
        </Offset>
        <Size>
            <x>40</x>
            <y>40</y>
        </Size>
        <Flags>63</Flags>
        <IsStatic>true</IsStatic>
        <IsTrigger>false</IsTrigger>
    </BoxColliderComponent2D>
</Entity>
