<Entity Name="3d1dac29-7174-4976-bf80-1524bf15263a">
    <TransformComponent>
        <Position>
            <x>904.1405</x>
            <y>622.8219</y>
            <z>0</z>
        </Position>
        <Rotation>0</Rotation>
        <Scale>
            <x>1</x>
            <y>1</y>
            <z>1</z>
        </Scale>
    </TransformComponent>
    <LinePointComponent>
        <Position>
            <x>904.1405</x>
            <y>622.8219</y>
        </Position>
        <Id>156</Id>
        <SiblingId>691019883</SiblingId>
    </LinePointComponent>
    <BoxColliderComponent2D>
        <Offset>
            <x>-20</x>
            <y>-20</y>
        </Offset>
        <Size>
            <x>40</x>
            <y>40</y>
        </Size>
        <Flags>63</Flags>
        <IsStatic>true</IsStatic>
        <IsTrigger>false</IsTrigger>
    </BoxColliderComponent2D>
</Entity>
