<Entity Name="574763ec-ad81-4f15-8a3e-1d570f83daa5">
    <TransformComponent>
        <Position>
            <x>738.26978</x>
            <y>497.56775</y>
            <z>0</z>
        </Position>
        <Rotation>0</Rotation>
        <Scale>
            <x>1</x>
            <y>1</y>
            <z>1</z>
        </Scale>
    </TransformComponent>
    <LinePointComponent>
        <Position>
            <x>738.26978</x>
            <y>497.56775</y>
        </Position>
        <Id>330</Id>
        <SiblingId>2699552</SiblingId>
    </LinePointComponent>
    <BoxColliderComponent2D>
        <Offset>
            <x>-20</x>
            <y>-20</y>
        </Offset>
        <Size>
            <x>40</x>
            <y>40</y>
        </Size>
        <Flags>63</Flags>
        <IsStatic>true</IsStatic>
        <IsTrigger>false</IsTrigger>
    </BoxColliderComponent2D>
</Entity>
