<Entity Name="ba6c2e24-b99a-4bfd-937d-b0a5b8c4a824">
    <TransformComponent>
        <Position>
            <x>755.87018</x>
            <y>577.70172</y>
            <z>0</z>
        </Position>
        <Rotation>0</Rotation>
        <Scale>
            <x>1</x>
            <y>1</y>
            <z>1</z>
        </Scale>
    </TransformComponent>
    <LinePointComponent>
        <Position>
            <x>755.87018</x>
            <y>577.70172</y>
        </Position>
        <Id>388</Id>
        <SiblingId>691085419</SiblingId>
    </LinePointComponent>
    <BoxColliderComponent2D>
        <Offset>
            <x>-20</x>
            <y>-20</y>
        </Offset>
        <Size>
            <x>40</x>
            <y>40</y>
        </Size>
        <Flags>63</Flags>
        <IsStatic>true</IsStatic>
        <IsTrigger>false</IsTrigger>
    </BoxColliderComponent2D>
</Entity>
