<Entity Name="bd329937-efd5-44bd-9a88-6ce642fbf526">
    <TransformComponent>
        <Position>
            <x>724.87036</x>
            <y>568.35193</y>
            <z>0</z>
        </Position>
        <Rotation>0</Rotation>
        <Scale>
            <x>1</x>
            <y>1</y>
            <z>1</z>
        </Scale>
    </TransformComponent>
    <LinePointComponent>
        <Position>
            <x>724.87036</x>
            <y>568.35193</y>
        </Position>
        <Id>345</Id>
        <SiblingId>691019883</SiblingId>
    </LinePointComponent>
    <BoxColliderComponent2D>
        <Offset>
            <x>-20</x>
            <y>-20</y>
        </Offset>
        <Size>
            <x>40</x>
            <y>40</y>
        </Size>
        <Flags>63</Flags>
        <IsStatic>true</IsStatic>
        <IsTrigger>false</IsTrigger>
    </BoxColliderComponent2D>
</Entity>
