<Entity Name="c1b5104f-06b4-4aac-a3c2-5b2fe718a3f4">
    <TransformComponent>
        <Position>
            <x>717.30951</x>
            <y>457.95688</y>
            <z>0</z>
        </Position>
        <Rotation>0</Rotation>
        <Scale>
            <x>1</x>
            <y>1</y>
            <z>1</z>
        </Scale>
    </TransformComponent>
    <LinePointComponent>
        <Position>
            <x>717.30951</x>
            <y>457.95688</y>
        </Position>
        <Id>365</Id>
        <SiblingId>691085419</SiblingId>
    </LinePointComponent>
    <BoxColliderComponent2D>
        <Offset>
            <x>-20</x>
            <y>-20</y>
        </Offset>
        <Size>
            <x>40</x>
            <y>40</y>
        </Size>
        <Flags>63</Flags>
        <IsStatic>true</IsStatic>
        <IsTrigger>false</IsTrigger>
    </BoxColliderComponent2D>
</Entity>
