<Entity Name="163f2acf-c01b-437e-95cd-71fc71c7c422">
    <TransformComponent>
        <Position>
            <x>681.99304</x>
            <y>471.57437</y>
            <z>0</z>
        </Position>
        <Rotation>0</Rotation>
        <Scale>
            <x>1</x>
            <y>1</y>
            <z>1</z>
        </Scale>
    </TransformComponent>
    <LinePointComponent>
        <Position>
            <x>681.99304</x>
            <y>471.57437</y>
        </Position>
        <Id>22</Id>
        <SiblingId>825242232</SiblingId>
    </LinePointComponent>
    <BoxColliderComponent2D>
        <Offset>
            <x>-20</x>
            <y>-20</y>
        </Offset>
        <Size>
            <x>40</x>
            <y>40</y>
        </Size>
        <Flags>63</Flags>
        <IsStatic>true</IsStatic>
        <IsTrigger>false</IsTrigger>
    </BoxColliderComponent2D>
</Entity>
