<Entity Name="1bb2d2d3-d9a7-4f3a-bad7-f3aeb80575a6">
    <TransformComponent>
        <Position>
            <x>960.59082</x>
            <y>466.95511</y>
            <z>0</z>
        </Position>
        <Rotation>0</Rotation>
        <Scale>
            <x>1</x>
            <y>1</y>
            <z>1</z>
        </Scale>
    </TransformComponent>
    <LinePointComponent>
        <Position>
            <x>960.59082</x>
            <y>466.95511</y>
        </Position>
        <Id>65</Id>
        <SiblingId>0</SiblingId>
    </LinePointComponent>
    <BoxColliderComponent2D>
        <Offset>
            <x>-20</x>
            <y>-20</y>
        </Offset>
        <Size>
            <x>40</x>
            <y>40</y>
        </Size>
        <Flags>63</Flags>
        <IsStatic>true</IsStatic>
        <IsTrigger>false</IsTrigger>
    </BoxColliderComponent2D>
</Entity>
