<Entity Name="413c34fb-8e3a-44dd-8db1-cd43256ee666">
    <TransformComponent>
        <Position>
            <x>675.3045</x>
            <y>528.70551</y>
            <z>0</z>
        </Position>
        <Rotation>0</Rotation>
        <Scale>
            <x>1</x>
            <y>1</y>
            <z>1</z>
        </Scale>
    </TransformComponent>
    <LinePointComponent>
        <Position>
            <x>675.3045</x>
            <y>528.70551</y>
        </Position>
        <Id>494</Id>
        <SiblingId>1</SiblingId>
    </LinePointComponent>
    <BoxColliderComponent2D>
        <Offset>
            <x>-20</x>
            <y>-20</y>
        </Offset>
        <Size>
            <x>40</x>
            <y>40</y>
        </Size>
        <Flags>63</Flags>
        <IsStatic>true</IsStatic>
        <IsTrigger>false</IsTrigger>
    </BoxColliderComponent2D>
</Entity>
