<Entity Name="589c9335-ccf2-4be9-8185-fb7c006e7f1c">
    <TransformComponent>
        <Position>
            <x>255.99724</x>
            <y>478.4454</y>
            <z>0</z>
        </Position>
        <Rotation>0</Rotation>
        <Scale>
            <x>1</x>
            <y>1</y>
            <z>1</z>
        </Scale>
    </TransformComponent>
    <LinePointComponent>
        <Position>
            <x>255.99724</x>
            <y>478.4454</y>
        </Position>
        <Id>199</Id>
        <SiblingId>543908713</SiblingId>
    </LinePointComponent>
    <BoxColliderComponent2D>
        <Offset>
            <x>-20</x>
            <y>-20</y>
        </Offset>
        <Size>
            <x>40</x>
            <y>40</y>
        </Size>
        <Flags>63</Flags>
        <IsStatic>true</IsStatic>
        <IsTrigger>false</IsTrigger>
    </BoxColliderComponent2D>
</Entity>
