<Entity Name="80a058fe-aca9-4115-9641-cbc05d73741f">
    <TransformComponent>
        <Position>
            <x>1182.0486</x>
            <y>695.47076</y>
            <z>0</z>
        </Position>
        <Rotation>0</Rotation>
        <Scale>
            <x>1</x>
            <y>1</y>
            <z>1</z>
        </Scale>
    </TransformComponent>
    <LinePointComponent>
        <Position>
            <x>1182.0486</x>
            <y>695.47076</y>
        </Position>
        <Id>153</Id>
        <SiblingId>691019883</SiblingId>
    </LinePointComponent>
    <BoxColliderComponent2D>
        <Offset>
            <x>-20</x>
            <y>-20</y>
        </Offset>
        <Size>
            <x>40</x>
            <y>40</y>
        </Size>
        <Flags>63</Flags>
        <IsStatic>true</IsStatic>
        <IsTrigger>false</IsTrigger>
    </BoxColliderComponent2D>
</Entity>
