<Entity Name="a256d7dc-2a23-4795-8229-e7a6c62e343b">
    <TransformComponent>
        <Position>
            <x>1382.0118</x>
            <y>957.98108</y>
            <z>0</z>
        </Position>
        <Rotation>0</Rotation>
        <Scale>
            <x>1</x>
            <y>1</y>
            <z>1</z>
        </Scale>
    </TransformComponent>
    <LinePointComponent>
        <Position>
            <x>1382.0118</x>
            <y>957.98108</y>
        </Position>
        <Id>267</Id>
        <SiblingId>691150955</SiblingId>
    </LinePointComponent>
    <BoxColliderComponent2D>
        <Offset>
            <x>-20</x>
            <y>-20</y>
        </Offset>
        <Size>
            <x>40</x>
            <y>40</y>
        </Size>
        <Flags>63</Flags>
        <IsStatic>true</IsStatic>
        <IsTrigger>false</IsTrigger>
    </BoxColliderComponent2D>
</Entity>
