<Entity Name="a39dcb40-3ffd-4468-9936-b37746466d87">
    <TransformComponent>
        <Position>
            <x>734.43817</x>
            <y>466.57239</y>
            <z>0</z>
        </Position>
        <Rotation>0</Rotation>
        <Scale>
            <x>1</x>
            <y>1</y>
            <z>1</z>
        </Scale>
    </TransformComponent>
    <LinePointComponent>
        <Position>
            <x>734.43817</x>
            <y>466.57239</y>
        </Position>
        <Id>386</Id>
        <SiblingId>543908713</SiblingId>
    </LinePointComponent>
    <BoxColliderComponent2D>
        <Offset>
            <x>-20</x>
            <y>-20</y>
        </Offset>
        <Size>
            <x>40</x>
            <y>40</y>
        </Size>
        <Flags>63</Flags>
        <IsStatic>true</IsStatic>
        <IsTrigger>false</IsTrigger>
    </BoxColliderComponent2D>
</Entity>
