<Entity Name="a6ec9f39-8b78-4a2d-92f8-c8a83b4dffb2">
    <TransformComponent>
        <Position>
            <x>1183.8552</x>
            <y>297.12817</y>
            <z>0</z>
        </Position>
        <Rotation>0</Rotation>
        <Scale>
            <x>1</x>
            <y>1</y>
            <z>1</z>
        </Scale>
    </TransformComponent>
    <LinePointComponent>
        <Position>
            <x>1183.8552</x>
            <y>297.12817</y>
        </Position>
        <Id>71</Id>
        <SiblingId>691085419</SiblingId>
    </LinePointComponent>
    <BoxColliderComponent2D>
        <Offset>
            <x>-20</x>
            <y>-20</y>
        </Offset>
        <Size>
            <x>40</x>
            <y>40</y>
        </Size>
        <Flags>63</Flags>
        <IsStatic>true</IsStatic>
        <IsTrigger>false</IsTrigger>
    </BoxColliderComponent2D>
</Entity>
