<Entity Name="b96ed6d8-ebb8-4bbf-9fb5-e0610a16d0b0">
    <TransformComponent>
        <Position>
            <x>803.77167</x>
            <y>585.95679</y>
            <z>0</z>
        </Position>
        <Rotation>0</Rotation>
        <Scale>
            <x>1</x>
            <y>1</y>
            <z>1</z>
        </Scale>
    </TransformComponent>
    <LinePointComponent>
        <Position>
            <x>803.77167</x>
            <y>585.95679</y>
        </Position>
        <Id>467</Id>
        <SiblingId>2699552</SiblingId>
    </LinePointComponent>
    <BoxColliderComponent2D>
        <Offset>
            <x>-20</x>
            <y>-20</y>
        </Offset>
        <Size>
            <x>40</x>
            <y>40</y>
        </Size>
        <Flags>63</Flags>
        <IsStatic>true</IsStatic>
        <IsTrigger>false</IsTrigger>
    </BoxColliderComponent2D>
</Entity>
