<Entity Name="da9af67c-b1ef-4c27-a2d1-2e1851553a81">
    <TransformComponent>
        <Position>
            <x>727.70953</x>
            <y>426.07596</y>
            <z>0</z>
        </Position>
        <Rotation>0</Rotation>
        <Scale>
            <x>1</x>
            <y>1</y>
            <z>1</z>
        </Scale>
    </TransformComponent>
    <LinePointComponent>
        <Position>
            <x>727.70953</x>
            <y>426.07596</y>
        </Position>
        <Id>374</Id>
        <SiblingId>543908713</SiblingId>
    </LinePointComponent>
    <BoxColliderComponent2D>
        <Offset>
            <x>-20</x>
            <y>-20</y>
        </Offset>
        <Size>
            <x>40</x>
            <y>40</y>
        </Size>
        <Flags>63</Flags>
        <IsStatic>true</IsStatic>
        <IsTrigger>false</IsTrigger>
    </BoxColliderComponent2D>
</Entity>
