<Entity Name="f0c23245-018f-4c37-bef3-992508879ee2">
    <TransformComponent>
        <Position>
            <x>878.90344</x>
            <y>573.50079</y>
            <z>0</z>
        </Position>
        <Rotation>0</Rotation>
        <Scale>
            <x>1</x>
            <y>1</y>
            <z>1</z>
        </Scale>
    </TransformComponent>
    <LinePointComponent>
        <Position>
            <x>878.90344</x>
            <y>573.50079</y>
        </Position>
        <Id>41</Id>
        <SiblingId>0</SiblingId>
    </LinePointComponent>
    <BoxColliderComponent2D>
        <Offset>
            <x>-20</x>
            <y>-20</y>
        </Offset>
        <Size>
            <x>40</x>
            <y>40</y>
        </Size>
        <Flags>63</Flags>
        <IsStatic>true</IsStatic>
        <IsTrigger>false</IsTrigger>
    </BoxColliderComponent2D>
</Entity>
