<Entity Name="fb55f9f4-a76f-4245-af1e-d5eaa99ea9ea">
    <TransformComponent>
        <Position>
            <x>1141.3162</x>
            <y>467.67157</y>
            <z>0</z>
        </Position>
        <Rotation>0</Rotation>
        <Scale>
            <x>1</x>
            <y>1</y>
            <z>1</z>
        </Scale>
    </TransformComponent>
    <LinePointComponent>
        <Position>
            <x>1141.3162</x>
            <y>467.67157</y>
        </Position>
        <Id>243</Id>
        <SiblingId>691150955</SiblingId>
    </LinePointComponent>
    <BoxColliderComponent2D>
        <Offset>
            <x>-20</x>
            <y>-20</y>
        </Offset>
        <Size>
            <x>40</x>
            <y>40</y>
        </Size>
        <Flags>63</Flags>
        <IsStatic>true</IsStatic>
        <IsTrigger>false</IsTrigger>
    </BoxColliderComponent2D>
</Entity>
