<Entity Name="15b1c01e-5ff1-49d9-924c-bc67bab1c65d">
    <TransformComponent>
        <Position>
            <x>1447.4203</x>
            <y>919.70978</y>
            <z>0</z>
        </Position>
        <Rotation>0</Rotation>
        <Scale>
            <x>1</x>
            <y>1</y>
            <z>1</z>
        </Scale>
    </TransformComponent>
    <LinePointComponent>
        <Position>
            <x>1447.4203</x>
            <y>919.70978</y>
        </Position>
        <Id>266</Id>
        <SiblingId>691150955</SiblingId>
    </LinePointComponent>
    <BoxColliderComponent2D>
        <Offset>
            <x>-20</x>
            <y>-20</y>
        </Offset>
        <Size>
            <x>40</x>
            <y>40</y>
        </Size>
        <Flags>63</Flags>
        <IsStatic>true</IsStatic>
        <IsTrigger>false</IsTrigger>
    </BoxColliderComponent2D>
</Entity>
