<Entity Name="262ab542-f33a-4ded-8c77-3ad2bb22c6a0">
    <TransformComponent>
        <Position>
            <x>716.91345</x>
            <y>430.46381</y>
            <z>0</z>
        </Position>
        <Rotation>0</Rotation>
        <Scale>
            <x>1</x>
            <y>1</y>
            <z>1</z>
        </Scale>
    </TransformComponent>
    <LinePointComponent>
        <Position>
            <x>716.91345</x>
            <y>430.46381</y>
        </Position>
        <Id>373</Id>
        <SiblingId>691085419</SiblingId>
    </LinePointComponent>
    <BoxColliderComponent2D>
        <Offset>
            <x>-20</x>
            <y>-20</y>
        </Offset>
        <Size>
            <x>40</x>
            <y>40</y>
        </Size>
        <Flags>63</Flags>
        <IsStatic>true</IsStatic>
        <IsTrigger>false</IsTrigger>
    </BoxColliderComponent2D>
</Entity>
