<Entity Name="8859b732-ab14-4904-8545-35aa85d16ed4">
    <TransformComponent>
        <Position>
            <x>922.99585</x>
            <y>454.91742</y>
            <z>0</z>
        </Position>
        <Rotation>0</Rotation>
        <Scale>
            <x>1</x>
            <y>1</y>
            <z>1</z>
        </Scale>
    </TransformComponent>
    <LinePointComponent>
        <Position>
            <x>922.99585</x>
            <y>454.91742</y>
        </Position>
        <Id>102</Id>
        <SiblingId>825242232</SiblingId>
    </LinePointComponent>
    <BoxColliderComponent2D>
        <Offset>
            <x>-20</x>
            <y>-20</y>
        </Offset>
        <Size>
            <x>40</x>
            <y>40</y>
        </Size>
        <Flags>63</Flags>
        <IsStatic>true</IsStatic>
        <IsTrigger>false</IsTrigger>
    </BoxColliderComponent2D>
</Entity>
