<Entity Name="8da3b116-4da1-4d79-a856-7a9a11669412">
    <TransformComponent>
        <Position>
            <x>1104.6512</x>
            <y>388.52997</y>
            <z>0</z>
        </Position>
        <Rotation>0</Rotation>
        <Scale>
            <x>1</x>
            <y>1</y>
            <z>1</z>
        </Scale>
    </TransformComponent>
    <LinePointComponent>
        <Position>
            <x>1104.6512</x>
            <y>388.52997</y>
        </Position>
        <Id>134</Id>
        <SiblingId>691085419</SiblingId>
    </LinePointComponent>
    <BoxColliderComponent2D>
        <Offset>
            <x>-20</x>
            <y>-20</y>
        </Offset>
        <Size>
            <x>40</x>
            <y>40</y>
        </Size>
        <Flags>63</Flags>
        <IsStatic>true</IsStatic>
        <IsTrigger>false</IsTrigger>
    </BoxColliderComponent2D>
</Entity>
