<Entity Name="00fcac91-b679-44b9-ba4e-f2c738ae8b08">
    <TransformComponent>
        <Position>
            <x>1329.125</x>
            <y>452.30469</y>
            <z>0</z>
        </Position>
        <Rotation>0</Rotation>
        <Scale>
            <x>1</x>
            <y>1</y>
            <z>1</z>
        </Scale>
    </TransformComponent>
    <LinePointComponent>
        <Position>
            <x>1329.125</x>
            <y>452.30469</y>
        </Position>
        <Id>280</Id>
        <SiblingId>807431011</SiblingId>
    </LinePointComponent>
    <BoxColliderComponent2D>
        <Offset>
            <x>-20</x>
            <y>-20</y>
        </Offset>
        <Size>
            <x>40</x>
            <y>40</y>
        </Size>
        <Flags>63</Flags>
        <IsStatic>true</IsStatic>
        <IsTrigger>false</IsTrigger>
    </BoxColliderComponent2D>
</Entity>
