<Entity Name="0212a68e-e2f7-4aeb-b4c3-b37d8fe6dadd">
    <TransformComponent>
        <Position>
            <x>1198.375</x>
            <y>201.17969</y>
            <z>0</z>
        </Position>
        <Rotation>0</Rotation>
        <Scale>
            <x>1</x>
            <y>1</y>
            <z>1</z>
        </Scale>
    </TransformComponent>
    <LinePointComponent>
        <Position>
            <x>1198.375</x>
            <y>201.17969</y>
        </Position>
        <Id>391</Id>
        <SiblingId>2</SiblingId>
    </LinePointComponent>
    <BoxColliderComponent2D>
        <Offset>
            <x>-20</x>
            <y>-20</y>
        </Offset>
        <Size>
            <x>40</x>
            <y>40</y>
        </Size>
        <Flags>63</Flags>
        <IsStatic>true</IsStatic>
        <IsTrigger>false</IsTrigger>
    </BoxColliderComponent2D>
</Entity>
