<Entity Name="0e047ac4-2fba-400b-a3ba-3b0b50588bb0">
    <TransformComponent>
        <Position>
            <x>1372.1328</x>
            <y>422.63281</y>
            <z>0</z>
        </Position>
        <Rotation>0</Rotation>
        <Scale>
            <x>1</x>
            <y>1</y>
            <z>1</z>
        </Scale>
    </TransformComponent>
    <LinePointComponent>
        <Position>
            <x>1372.1328</x>
            <y>422.63281</y>
        </Position>
        <Id>254</Id>
        <SiblingId>0</SiblingId>
    </LinePointComponent>
    <BoxColliderComponent2D>
        <Offset>
            <x>-20</x>
            <y>-20</y>
        </Offset>
        <Size>
            <x>40</x>
            <y>40</y>
        </Size>
        <Flags>63</Flags>
        <IsStatic>true</IsStatic>
        <IsTrigger>false</IsTrigger>
    </BoxColliderComponent2D>
</Entity>
