<Entity Name="15db969d-d686-4a85-8add-a3d060b627b2">
    <TransformComponent>
        <Position>
            <x>1538.7422</x>
            <y>269.99219</y>
            <z>0</z>
        </Position>
        <Rotation>0</Rotation>
        <Scale>
            <x>1</x>
            <y>1</y>
            <z>1</z>
        </Scale>
    </TransformComponent>
    <LinePointComponent>
        <Position>
            <x>1538.7422</x>
            <y>269.99219</y>
        </Position>
        <Id>203</Id>
        <SiblingId>0</SiblingId>
    </LinePointComponent>
    <BoxColliderComponent2D>
        <Offset>
            <x>-20</x>
            <y>-20</y>
        </Offset>
        <Size>
            <x>40</x>
            <y>40</y>
        </Size>
        <Flags>63</Flags>
        <IsStatic>true</IsStatic>
        <IsTrigger>false</IsTrigger>
    </BoxColliderComponent2D>
</Entity>
