<Entity Name="1ce8b06c-599d-4c49-b4fd-73ccfd13ce7f">
    <TransformComponent>
        <Position>
            <x>1584.7266</x>
            <y>308.17188</y>
            <z>0</z>
        </Position>
        <Rotation>0</Rotation>
        <Scale>
            <x>1</x>
            <y>1</y>
            <z>1</z>
        </Scale>
    </TransformComponent>
    <LinePointComponent>
        <Position>
            <x>1584.7266</x>
            <y>308.17188</y>
        </Position>
        <Id>311</Id>
        <SiblingId>805306368</SiblingId>
    </LinePointComponent>
    <BoxColliderComponent2D>
        <Offset>
            <x>-20</x>
            <y>-20</y>
        </Offset>
        <Size>
            <x>40</x>
            <y>40</y>
        </Size>
        <Flags>63</Flags>
        <IsStatic>true</IsStatic>
        <IsTrigger>false</IsTrigger>
    </BoxColliderComponent2D>
</Entity>
