<Entity Name="23d2d6ef-62e7-4ba9-ad54-0447c2dc5fda">
    <TransformComponent>
        <Position>
            <x>1091.3594</x>
            <y>889.76562</y>
            <z>0</z>
        </Position>
        <Rotation>0</Rotation>
        <Scale>
            <x>1</x>
            <y>1</y>
            <z>1</z>
        </Scale>
    </TransformComponent>
    <LinePointComponent>
        <Position>
            <x>1091.3594</x>
            <y>889.76562</y>
        </Position>
        <Id>308</Id>
        <SiblingId>807431011</SiblingId>
    </LinePointComponent>
    <BoxColliderComponent2D>
        <Offset>
            <x>-20</x>
            <y>-20</y>
        </Offset>
        <Size>
            <x>40</x>
            <y>40</y>
        </Size>
        <Flags>63</Flags>
        <IsStatic>true</IsStatic>
        <IsTrigger>false</IsTrigger>
    </BoxColliderComponent2D>
</Entity>
