<Entity Name="25d62f0b-70de-4a8b-aa36-6db3bfde8574">
    <TransformComponent>
        <Position>
            <x>1129.1328</x>
            <y>109.46875</y>
            <z>0</z>
        </Position>
        <Rotation>0</Rotation>
        <Scale>
            <x>1</x>
            <y>1</y>
            <z>1</z>
        </Scale>
    </TransformComponent>
    <LinePointComponent>
        <Position>
            <x>1129.1328</x>
            <y>109.46875</y>
        </Position>
        <Id>406</Id>
        <SiblingId>1079701248</SiblingId>
    </LinePointComponent>
    <BoxColliderComponent2D>
        <Offset>
            <x>-20</x>
            <y>-20</y>
        </Offset>
        <Size>
            <x>40</x>
            <y>40</y>
        </Size>
        <Flags>63</Flags>
        <IsStatic>true</IsStatic>
        <IsTrigger>false</IsTrigger>
    </BoxColliderComponent2D>
</Entity>
