<Entity Name="2f21eb13-255b-40f9-934c-a3ef852586b9">
    <TransformComponent>
        <Position>
            <x>1229.6094</x>
            <y>757.90625</y>
            <z>0</z>
        </Position>
        <Rotation>0</Rotation>
        <Scale>
            <x>1</x>
            <y>1</y>
            <z>1</z>
        </Scale>
    </TransformComponent>
    <LinePointComponent>
        <Position>
            <x>1229.6094</x>
            <y>757.90625</y>
        </Position>
        <Id>17</Id>
        <SiblingId>589824</SiblingId>
    </LinePointComponent>
    <BoxColliderComponent2D>
        <Offset>
            <x>-20</x>
            <y>-20</y>
        </Offset>
        <Size>
            <x>40</x>
            <y>40</y>
        </Size>
        <Flags>63</Flags>
        <IsStatic>true</IsStatic>
        <IsTrigger>false</IsTrigger>
    </BoxColliderComponent2D>
</Entity>
