<Entity Name="33ce31cd-5735-4b07-8d73-caf350cb8a2f">
    <TransformComponent>
        <Position>
            <x>1408.8359</x>
            <y>271.97656</y>
            <z>0</z>
        </Position>
        <Rotation>0</Rotation>
        <Scale>
            <x>1</x>
            <y>1</y>
            <z>1</z>
        </Scale>
    </TransformComponent>
    <LinePointComponent>
        <Position>
            <x>1408.8359</x>
            <y>271.97656</y>
        </Position>
        <Id>113</Id>
        <SiblingId>589824</SiblingId>
    </LinePointComponent>
    <BoxColliderComponent2D>
        <Offset>
            <x>-20</x>
            <y>-20</y>
        </Offset>
        <Size>
            <x>40</x>
            <y>40</y>
        </Size>
        <Flags>63</Flags>
        <IsStatic>true</IsStatic>
        <IsTrigger>false</IsTrigger>
    </BoxColliderComponent2D>
</Entity>
