<Entity Name="3ea1a3e9-8fae-4a61-8b4e-61ef40561943">
    <TransformComponent>
        <Position>
            <x>1571.4688</x>
            <y>1054.3672</y>
            <z>0</z>
        </Position>
        <Rotation>0</Rotation>
        <Scale>
            <x>1</x>
            <y>1</y>
            <z>1</z>
        </Scale>
    </TransformComponent>
    <LinePointComponent>
        <Position>
            <x>1571.4688</x>
            <y>1054.3672</y>
        </Position>
        <Id>65</Id>
        <SiblingId>540749944</SiblingId>
    </LinePointComponent>
    <BoxColliderComponent2D>
        <Offset>
            <x>-20</x>
            <y>-20</y>
        </Offset>
        <Size>
            <x>40</x>
            <y>40</y>
        </Size>
        <Flags>63</Flags>
        <IsStatic>true</IsStatic>
        <IsTrigger>false</IsTrigger>
    </BoxColliderComponent2D>
</Entity>
