<Entity Name="63e16068-e0bc-429b-a91b-070d468dcfc8">
    <TransformComponent>
        <Position>
            <x>1429.1797</x>
            <y>451.08594</y>
            <z>0</z>
        </Position>
        <Rotation>0</Rotation>
        <Scale>
            <x>1</x>
            <y>1</y>
            <z>1</z>
        </Scale>
    </TransformComponent>
    <LinePointComponent>
        <Position>
            <x>1429.1797</x>
            <y>451.08594</y>
        </Position>
        <Id>121</Id>
        <SiblingId>6916</SiblingId>
    </LinePointComponent>
    <BoxColliderComponent2D>
        <Offset>
            <x>-20</x>
            <y>-20</y>
        </Offset>
        <Size>
            <x>40</x>
            <y>40</y>
        </Size>
        <Flags>63</Flags>
        <IsStatic>true</IsStatic>
        <IsTrigger>false</IsTrigger>
    </BoxColliderComponent2D>
</Entity>
