<Entity Name="64b62da3-fffd-40af-b1f7-c77ecde42530">
    <TransformComponent>
        <Position>
            <x>1380.6484</x>
            <y>416.14844</y>
            <z>0</z>
        </Position>
        <Rotation>0</Rotation>
        <Scale>
            <x>1</x>
            <y>1</y>
            <z>1</z>
        </Scale>
    </TransformComponent>
    <LinePointComponent>
        <Position>
            <x>1380.6484</x>
            <y>416.14844</y>
        </Position>
        <Id>257</Id>
        <SiblingId>807431011</SiblingId>
    </LinePointComponent>
    <BoxColliderComponent2D>
        <Offset>
            <x>-20</x>
            <y>-20</y>
        </Offset>
        <Size>
            <x>40</x>
            <y>40</y>
        </Size>
        <Flags>63</Flags>
        <IsStatic>true</IsStatic>
        <IsTrigger>false</IsTrigger>
    </BoxColliderComponent2D>
</Entity>
