<Entity Name="6be6f019-d2e3-42fe-8654-b48c1e3478cf">
    <TransformComponent>
        <Position>
            <x>1268.8828</x>
            <y>452.64844</y>
            <z>0</z>
        </Position>
        <Rotation>0</Rotation>
        <Scale>
            <x>1</x>
            <y>1</y>
            <z>1</z>
        </Scale>
    </TransformComponent>
    <LinePointComponent>
        <Position>
            <x>1268.8828</x>
            <y>452.64844</y>
        </Position>
        <Id>135</Id>
        <SiblingId>589824</SiblingId>
    </LinePointComponent>
    <BoxColliderComponent2D>
        <Offset>
            <x>-20</x>
            <y>-20</y>
        </Offset>
        <Size>
            <x>40</x>
            <y>40</y>
        </Size>
        <Flags>63</Flags>
        <IsStatic>true</IsStatic>
        <IsTrigger>false</IsTrigger>
    </BoxColliderComponent2D>
</Entity>
