<Entity Name="6fa048aa-9653-41cf-8959-085697330ebc">
    <TransformComponent>
        <Position>
            <x>1285.7578</x>
            <y>276.98438</y>
            <z>0</z>
        </Position>
        <Rotation>0</Rotation>
        <Scale>
            <x>1</x>
            <y>1</y>
            <z>1</z>
        </Scale>
    </TransformComponent>
    <LinePointComponent>
        <Position>
            <x>1285.7578</x>
            <y>276.98438</y>
        </Position>
        <Id>88</Id>
        <SiblingId>0</SiblingId>
    </LinePointComponent>
    <BoxColliderComponent2D>
        <Offset>
            <x>-20</x>
            <y>-20</y>
        </Offset>
        <Size>
            <x>40</x>
            <y>40</y>
        </Size>
        <Flags>63</Flags>
        <IsStatic>true</IsStatic>
        <IsTrigger>false</IsTrigger>
    </BoxColliderComponent2D>
</Entity>
