<Entity Name="7516176a-9fd9-4e63-993c-3ffe06e433a0">
    <TransformComponent>
        <Position>
            <x>1312.8047</x>
            <y>487.10156</y>
            <z>0</z>
        </Position>
        <Rotation>0</Rotation>
        <Scale>
            <x>1</x>
            <y>1</y>
            <z>1</z>
        </Scale>
    </TransformComponent>
    <LinePointComponent>
        <Position>
            <x>1312.8047</x>
            <y>487.10156</y>
        </Position>
        <Id>220</Id>
        <SiblingId>824208227</SiblingId>
    </LinePointComponent>
    <BoxColliderComponent2D>
        <Offset>
            <x>-20</x>
            <y>-20</y>
        </Offset>
        <Size>
            <x>40</x>
            <y>40</y>
        </Size>
        <Flags>63</Flags>
        <IsStatic>true</IsStatic>
        <IsTrigger>false</IsTrigger>
    </BoxColliderComponent2D>
</Entity>
