<Entity Name="788a28d3-1528-45b0-8e8b-599c66c02c59">
    <TransformComponent>
        <Position>
            <x>1364.5312</x>
            <y>377.89062</y>
            <z>0</z>
        </Position>
        <Rotation>0</Rotation>
        <Scale>
            <x>1</x>
            <y>1</y>
            <z>1</z>
        </Scale>
    </TransformComponent>
    <LinePointComponent>
        <Position>
            <x>1364.5312</x>
            <y>377.89062</y>
        </Position>
        <Id>154</Id>
        <SiblingId>1667853411</SiblingId>
    </LinePointComponent>
    <BoxColliderComponent2D>
        <Offset>
            <x>-20</x>
            <y>-20</y>
        </Offset>
        <Size>
            <x>40</x>
            <y>40</y>
        </Size>
        <Flags>63</Flags>
        <IsStatic>true</IsStatic>
        <IsTrigger>false</IsTrigger>
    </BoxColliderComponent2D>
</Entity>
