<Entity Name="803bd1b7-b761-4720-9a8a-b139b09b6ada">
    <TransformComponent>
        <Position>
            <x>1126.3125</x>
            <y>811.3125</y>
            <z>0</z>
        </Position>
        <Rotation>0</Rotation>
        <Scale>
            <x>1</x>
            <y>1</y>
            <z>1</z>
        </Scale>
    </TransformComponent>
    <LinePointComponent>
        <Position>
            <x>1126.3125</x>
            <y>811.3125</y>
        </Position>
        <Id>5</Id>
        <SiblingId>-536870912</SiblingId>
    </LinePointComponent>
    <BoxColliderComponent2D>
        <Offset>
            <x>-20</x>
            <y>-20</y>
        </Offset>
        <Size>
            <x>40</x>
            <y>40</y>
        </Size>
        <Flags>63</Flags>
        <IsStatic>true</IsStatic>
        <IsTrigger>false</IsTrigger>
    </BoxColliderComponent2D>
</Entity>
