<Entity Name="966e9e6c-52af-4999-99a4-04ea236c61f3">
    <TransformComponent>
        <Position>
            <x>1341.7734</x>
            <y>472.92188</y>
            <z>0</z>
        </Position>
        <Rotation>0</Rotation>
        <Scale>
            <x>1</x>
            <y>1</y>
            <z>1</z>
        </Scale>
    </TransformComponent>
    <LinePointComponent>
        <Position>
            <x>1341.7734</x>
            <y>472.92188</y>
        </Position>
        <Id>238</Id>
        <SiblingId>824208227</SiblingId>
    </LinePointComponent>
    <BoxColliderComponent2D>
        <Offset>
            <x>-20</x>
            <y>-20</y>
        </Offset>
        <Size>
            <x>40</x>
            <y>40</y>
        </Size>
        <Flags>63</Flags>
        <IsStatic>true</IsStatic>
        <IsTrigger>false</IsTrigger>
    </BoxColliderComponent2D>
</Entity>
