<Entity Name="980704ef-6cdc-41ef-8e49-546b5a235e78">
    <TransformComponent>
        <Position>
            <x>1381.1094</x>
            <y>408.64062</y>
            <z>0</z>
        </Position>
        <Rotation>0</Rotation>
        <Scale>
            <x>1</x>
            <y>1</y>
            <z>1</z>
        </Scale>
    </TransformComponent>
    <LinePointComponent>
        <Position>
            <x>1381.1094</x>
            <y>408.64062</y>
        </Position>
        <Id>295</Id>
        <SiblingId>1151495308</SiblingId>
    </LinePointComponent>
    <BoxColliderComponent2D>
        <Offset>
            <x>-20</x>
            <y>-20</y>
        </Offset>
        <Size>
            <x>40</x>
            <y>40</y>
        </Size>
        <Flags>63</Flags>
        <IsStatic>true</IsStatic>
        <IsTrigger>false</IsTrigger>
    </BoxColliderComponent2D>
</Entity>
