<Entity Name="a1dd0c5a-1afe-49ab-be9f-af72ac0b43b8">
    <TransformComponent>
        <Position>
            <x>1640.9375</x>
            <y>577.59375</y>
            <z>0</z>
        </Position>
        <Rotation>0</Rotation>
        <Scale>
            <x>1</x>
            <y>1</y>
            <z>1</z>
        </Scale>
    </TransformComponent>
    <LinePointComponent>
        <Position>
            <x>1640.9375</x>
            <y>577.59375</y>
        </Position>
        <Id>211</Id>
        <SiblingId>-2</SiblingId>
    </LinePointComponent>
    <BoxColliderComponent2D>
        <Offset>
            <x>-20</x>
            <y>-20</y>
        </Offset>
        <Size>
            <x>40</x>
            <y>40</y>
        </Size>
        <Flags>63</Flags>
        <IsStatic>true</IsStatic>
        <IsTrigger>false</IsTrigger>
    </BoxColliderComponent2D>
</Entity>
