<Entity Name="a27c863e-e5a9-436e-8ff2-fa650f807b03">
    <TransformComponent>
        <Position>
            <x>1608.9766</x>
            <y>279.19531</y>
            <z>0</z>
        </Position>
        <Rotation>0</Rotation>
        <Scale>
            <x>1</x>
            <y>1</y>
            <z>1</z>
        </Scale>
    </TransformComponent>
    <LinePointComponent>
        <Position>
            <x>1608.9766</x>
            <y>279.19531</y>
        </Position>
        <Id>325</Id>
        <SiblingId>6919</SiblingId>
    </LinePointComponent>
    <BoxColliderComponent2D>
        <Offset>
            <x>-20</x>
            <y>-20</y>
        </Offset>
        <Size>
            <x>40</x>
            <y>40</y>
        </Size>
        <Flags>63</Flags>
        <IsStatic>true</IsStatic>
        <IsTrigger>false</IsTrigger>
    </BoxColliderComponent2D>
</Entity>
