<Entity Name="a90cd707-9cc1-4a68-9ec2-beb3f28be308">
    <TransformComponent>
        <Position>
            <x>1055.5547</x>
            <y>743.19531</y>
            <z>0</z>
        </Position>
        <Rotation>0</Rotation>
        <Scale>
            <x>1</x>
            <y>1</y>
            <z>1</z>
        </Scale>
    </TransformComponent>
    <LinePointComponent>
        <Position>
            <x>1055.5547</x>
            <y>743.19531</y>
        </Position>
        <Id>6</Id>
        <SiblingId>268435456</SiblingId>
    </LinePointComponent>
    <BoxColliderComponent2D>
        <Offset>
            <x>-20</x>
            <y>-20</y>
        </Offset>
        <Size>
            <x>40</x>
            <y>40</y>
        </Size>
        <Flags>63</Flags>
        <IsStatic>true</IsStatic>
        <IsTrigger>false</IsTrigger>
    </BoxColliderComponent2D>
</Entity>
