<Entity Name="aba3e29f-0d74-4d41-a7c9-1a74190f0f0a">
    <TransformComponent>
        <Position>
            <x>1358.7891</x>
            <y>434.25</y>
            <z>0</z>
        </Position>
        <Rotation>0</Rotation>
        <Scale>
            <x>1</x>
            <y>1</y>
            <z>1</z>
        </Scale>
    </TransformComponent>
    <LinePointComponent>
        <Position>
            <x>1358.7891</x>
            <y>434.25</y>
        </Position>
        <Id>301</Id>
        <SiblingId>-1342177280</SiblingId>
    </LinePointComponent>
    <BoxColliderComponent2D>
        <Offset>
            <x>-20</x>
            <y>-20</y>
        </Offset>
        <Size>
            <x>40</x>
            <y>40</y>
        </Size>
        <Flags>63</Flags>
        <IsStatic>true</IsStatic>
        <IsTrigger>false</IsTrigger>
    </BoxColliderComponent2D>
</Entity>
