<Entity Name="acbb1ca7-042a-4660-b4dd-d7aa5ab4012c">
    <TransformComponent>
        <Position>
            <x>1612.6719</x>
            <y>369.04688</y>
            <z>0</z>
        </Position>
        <Rotation>0</Rotation>
        <Scale>
            <x>1</x>
            <y>1</y>
            <z>1</z>
        </Scale>
    </TransformComponent>
    <LinePointComponent>
        <Position>
            <x>1612.6719</x>
            <y>369.04688</y>
        </Position>
        <Id>191</Id>
        <SiblingId>824208227</SiblingId>
    </LinePointComponent>
    <BoxColliderComponent2D>
        <Offset>
            <x>-20</x>
            <y>-20</y>
        </Offset>
        <Size>
            <x>40</x>
            <y>40</y>
        </Size>
        <Flags>63</Flags>
        <IsStatic>true</IsStatic>
        <IsTrigger>false</IsTrigger>
    </BoxColliderComponent2D>
</Entity>
