<Entity Name="ad313e6d-5aeb-449e-b649-ab782496376d">
    <TransformComponent>
        <Position>
            <x>1124.2969</x>
            <y>251.05469</y>
            <z>0</z>
        </Position>
        <Rotation>0</Rotation>
        <Scale>
            <x>1</x>
            <y>1</y>
            <z>1</z>
        </Scale>
    </TransformComponent>
    <LinePointComponent>
        <Position>
            <x>1124.2969</x>
            <y>251.05469</y>
        </Position>
        <Id>384</Id>
        <SiblingId>327680</SiblingId>
    </LinePointComponent>
    <BoxColliderComponent2D>
        <Offset>
            <x>-20</x>
            <y>-20</y>
        </Offset>
        <Size>
            <x>40</x>
            <y>40</y>
        </Size>
        <Flags>63</Flags>
        <IsStatic>true</IsStatic>
        <IsTrigger>false</IsTrigger>
    </BoxColliderComponent2D>
</Entity>
