<Entity Name="b7a7c884-1324-4963-bdb2-9d8c822fa630">
    <TransformComponent>
        <Position>
            <x>1370.3125</x>
            <y>458.49219</y>
            <z>0</z>
        </Position>
        <Rotation>0</Rotation>
        <Scale>
            <x>1</x>
            <y>1</y>
            <z>1</z>
        </Scale>
    </TransformComponent>
    <LinePointComponent>
        <Position>
            <x>1370.3125</x>
            <y>458.49219</y>
        </Position>
        <Id>247</Id>
        <SiblingId>-268435456</SiblingId>
    </LinePointComponent>
    <BoxColliderComponent2D>
        <Offset>
            <x>-20</x>
            <y>-20</y>
        </Offset>
        <Size>
            <x>40</x>
            <y>40</y>
        </Size>
        <Flags>63</Flags>
        <IsStatic>true</IsStatic>
        <IsTrigger>false</IsTrigger>
    </BoxColliderComponent2D>
</Entity>
