<Entity Name="c158858c-9385-4e00-88d0-7bfb91fba08f">
    <TransformComponent>
        <Position>
            <x>1368.5156</x>
            <y>427.00781</y>
            <z>0</z>
        </Position>
        <Rotation>0</Rotation>
        <Scale>
            <x>1</x>
            <y>1</y>
            <z>1</z>
        </Scale>
    </TransformComponent>
    <LinePointComponent>
        <Position>
            <x>1368.5156</x>
            <y>427.00781</y>
        </Position>
        <Id>293</Id>
        <SiblingId>-805306368</SiblingId>
    </LinePointComponent>
    <BoxColliderComponent2D>
        <Offset>
            <x>-20</x>
            <y>-20</y>
        </Offset>
        <Size>
            <x>40</x>
            <y>40</y>
        </Size>
        <Flags>63</Flags>
        <IsStatic>true</IsStatic>
        <IsTrigger>false</IsTrigger>
    </BoxColliderComponent2D>
</Entity>
