<Entity Name="c42ad111-9bd1-4e60-acab-e9aa7b51d848">
    <TransformComponent>
        <Position>
            <x>1362.1016</x>
            <y>411.25</y>
            <z>0</z>
        </Position>
        <Rotation>0</Rotation>
        <Scale>
            <x>1</x>
            <y>1</y>
            <z>1</z>
        </Scale>
    </TransformComponent>
    <LinePointComponent>
        <Position>
            <x>1362.1016</x>
            <y>411.25</y>
        </Position>
        <Id>270</Id>
        <SiblingId>824208227</SiblingId>
    </LinePointComponent>
    <BoxColliderComponent2D>
        <Offset>
            <x>-20</x>
            <y>-20</y>
        </Offset>
        <Size>
            <x>40</x>
            <y>40</y>
        </Size>
        <Flags>63</Flags>
        <IsStatic>true</IsStatic>
        <IsTrigger>false</IsTrigger>
    </BoxColliderComponent2D>
</Entity>
