<Entity Name="d14aaa8a-4af3-454e-9877-ec17c886e5ff">
    <TransformComponent>
        <Position>
            <x>1256.5156</x>
            <y>408.54688</y>
            <z>0</z>
        </Position>
        <Rotation>0</Rotation>
        <Scale>
            <x>1</x>
            <y>1</y>
            <z>1</z>
        </Scale>
    </TransformComponent>
    <LinePointComponent>
        <Position>
            <x>1256.5156</x>
            <y>408.54688</y>
        </Position>
        <Id>132</Id>
        <SiblingId>589824</SiblingId>
    </LinePointComponent>
    <BoxColliderComponent2D>
        <Offset>
            <x>-20</x>
            <y>-20</y>
        </Offset>
        <Size>
            <x>40</x>
            <y>40</y>
        </Size>
        <Flags>63</Flags>
        <IsStatic>true</IsStatic>
        <IsTrigger>false</IsTrigger>
    </BoxColliderComponent2D>
</Entity>
