<Entity Name="dc039493-4064-4cdd-860e-bb5e4d767a09">
    <TransformComponent>
        <Position>
            <x>1170.5234</x>
            <y>109.11719</y>
            <z>0</z>
        </Position>
        <Rotation>0</Rotation>
        <Scale>
            <x>1</x>
            <y>1</y>
            <z>1</z>
        </Scale>
    </TransformComponent>
    <LinePointComponent>
        <Position>
            <x>1170.5234</x>
            <y>109.11719</y>
        </Position>
        <Id>363</Id>
        <SiblingId>540749944</SiblingId>
    </LinePointComponent>
    <BoxColliderComponent2D>
        <Offset>
            <x>-20</x>
            <y>-20</y>
        </Offset>
        <Size>
            <x>40</x>
            <y>40</y>
        </Size>
        <Flags>63</Flags>
        <IsStatic>true</IsStatic>
        <IsTrigger>false</IsTrigger>
    </BoxColliderComponent2D>
</Entity>
