<Entity Name="e0041c09-1a27-4544-9cd7-287ebcea640c">
    <TransformComponent>
        <Position>
            <x>1397.1094</x>
            <y>250.96094</y>
            <z>0</z>
        </Position>
        <Rotation>0</Rotation>
        <Scale>
            <x>1</x>
            <y>1</y>
            <z>1</z>
        </Scale>
    </TransformComponent>
    <LinePointComponent>
        <Position>
            <x>1397.1094</x>
            <y>250.96094</y>
        </Position>
        <Id>410</Id>
        <SiblingId>-268435456</SiblingId>
    </LinePointComponent>
    <BoxColliderComponent2D>
        <Offset>
            <x>-20</x>
            <y>-20</y>
        </Offset>
        <Size>
            <x>40</x>
            <y>40</y>
        </Size>
        <Flags>63</Flags>
        <IsStatic>true</IsStatic>
        <IsTrigger>false</IsTrigger>
    </BoxColliderComponent2D>
</Entity>
