<Entity Name="f03c253f-90ab-4dc6-883e-8df014a4a3cd">
    <TransformComponent>
        <Position>
            <x>1336.7344</x>
            <y>428.74219</y>
            <z>0</z>
        </Position>
        <Rotation>0</Rotation>
        <Scale>
            <x>1</x>
            <y>1</y>
            <z>1</z>
        </Scale>
    </TransformComponent>
    <LinePointComponent>
        <Position>
            <x>1336.7344</x>
            <y>428.74219</y>
        </Position>
        <Id>276</Id>
        <SiblingId>824208227</SiblingId>
    </LinePointComponent>
    <BoxColliderComponent2D>
        <Offset>
            <x>-20</x>
            <y>-20</y>
        </Offset>
        <Size>
            <x>40</x>
            <y>40</y>
        </Size>
        <Flags>63</Flags>
        <IsStatic>true</IsStatic>
        <IsTrigger>false</IsTrigger>
    </BoxColliderComponent2D>
</Entity>
