<Entity Name="f32bf99d-5ec3-4bba-aff4-ef97d69bc0db">
    <TransformComponent>
        <Position>
            <x>1197.1328</x>
            <y>134.03906</y>
            <z>0</z>
        </Position>
        <Rotation>0</Rotation>
        <Scale>
            <x>1</x>
            <y>1</y>
            <z>1</z>
        </Scale>
    </TransformComponent>
    <LinePointComponent>
        <Position>
            <x>1197.1328</x>
            <y>134.03906</y>
        </Position>
        <Id>372</Id>
        <SiblingId>6919</SiblingId>
    </LinePointComponent>
    <BoxColliderComponent2D>
        <Offset>
            <x>-20</x>
            <y>-20</y>
        </Offset>
        <Size>
            <x>40</x>
            <y>40</y>
        </Size>
        <Flags>63</Flags>
        <IsStatic>true</IsStatic>
        <IsTrigger>false</IsTrigger>
    </BoxColliderComponent2D>
</Entity>
