<Entity Name="f65fd4d6-206f-4fa6-b839-0adaf9f32814">
    <TransformComponent>
        <Position>
            <x>1290.3125</x>
            <y>669.26562</y>
            <z>0</z>
        </Position>
        <Rotation>0</Rotation>
        <Scale>
            <x>1</x>
            <y>1</y>
            <z>1</z>
        </Scale>
    </TransformComponent>
    <LinePointComponent>
        <Position>
            <x>1290.3125</x>
            <y>669.26562</y>
        </Position>
        <Id>49</Id>
        <SiblingId>6915</SiblingId>
    </LinePointComponent>
    <BoxColliderComponent2D>
        <Offset>
            <x>-20</x>
            <y>-20</y>
        </Offset>
        <Size>
            <x>40</x>
            <y>40</y>
        </Size>
        <Flags>63</Flags>
        <IsStatic>true</IsStatic>
        <IsTrigger>false</IsTrigger>
    </BoxColliderComponent2D>
</Entity>
