<Entity Name="fcf27c19-6e12-4a6e-a041-2168407c845d">
    <TransformComponent>
        <Position>
            <x>1300.9453</x>
            <y>496.14844</y>
            <z>0</z>
        </Position>
        <Rotation>0</Rotation>
        <Scale>
            <x>1</x>
            <y>1</y>
            <z>1</z>
        </Scale>
    </TransformComponent>
    <LinePointComponent>
        <Position>
            <x>1300.9453</x>
            <y>496.14844</y>
        </Position>
        <Id>44</Id>
        <SiblingId>268435456</SiblingId>
    </LinePointComponent>
    <BoxColliderComponent2D>
        <Offset>
            <x>-20</x>
            <y>-20</y>
        </Offset>
        <Size>
            <x>40</x>
            <y>40</y>
        </Size>
        <Flags>63</Flags>
        <IsStatic>true</IsStatic>
        <IsTrigger>false</IsTrigger>
    </BoxColliderComponent2D>
</Entity>
