<Entity Name="ff3ecaf5-5547-4e32-85a3-0501f146713a">
    <TransformComponent>
        <Position>
            <x>1129.5625</x>
            <y>170.71094</y>
            <z>0</z>
        </Position>
        <Rotation>0</Rotation>
        <Scale>
            <x>1</x>
            <y>1</y>
            <z>1</z>
        </Scale>
    </TransformComponent>
    <LinePointComponent>
        <Position>
            <x>1129.5625</x>
            <y>170.71094</y>
        </Position>
        <Id>408</Id>
        <SiblingId>-1879048192</SiblingId>
    </LinePointComponent>
    <BoxColliderComponent2D>
        <Offset>
            <x>-20</x>
            <y>-20</y>
        </Offset>
        <Size>
            <x>40</x>
            <y>40</y>
        </Size>
        <Flags>63</Flags>
        <IsStatic>true</IsStatic>
        <IsTrigger>false</IsTrigger>
    </BoxColliderComponent2D>
</Entity>
